t,drift_x,drift_y,lean,dpitch,base_z,tilt_rad,gx,gy,gz,yaw_delta,cmd_vx,cmd_vy,cmd_yaw,meta_selected,meta_safety_hold
0.0199988,0,0,-0.151343,0,0.355999,0,0.00348023,-0.0611998,-0.998119,0,0,0,0,DISABLED,0
0.0399988,-0.0119404,-0.00294036,-0.159299,-0.00820883,0.348802,0.0400268,-0.00472861,-0.0220596,-0.999745,-0.00436501,0,0,0,DISABLED,0
0.0599988,-0.0269217,-0.00447839,-0.08556,-0.00644198,0.337035,0.0945716,-0.00296175,0.0331075,-0.999447,-0.00333095,0,0,0,DISABLED,0
0.0799987,-0.0445111,-0.00392538,0.0129892,0.0113271,0.322082,0.164952,0.0148073,0.103137,-0.994557,0.00428747,0,0,0,DISABLED,0
0.0999987,-0.0633091,-0.00436324,-0.00644967,0.0363861,0.3051,0.218524,0.0398663,0.153562,-0.987334,0.00741595,0,0,0,DISABLED,0
0.119999,-0.079379,-0.0136302,0.0773796,0.0442407,0.303745,0.186008,0.0477209,0.119082,-0.991737,-0.0239763,0,0,0,DISABLED,0
0.139999,-0.0932215,-0.0235475,-0.0582741,0.0367105,0.304417,0.183281,0.0401907,0.118008,-0.992199,-0.0180973,0,0,0,DISABLED,0
0.159999,-0.1053,-0.0316014,-0.196005,0.0360938,0.303527,0.170602,0.039574,0.105269,-0.993656,-0.00339371,0,0,0,DISABLED,0
0.179999,-0.119883,-0.0407947,-0.161234,0.0383504,0.299699,0.132778,0.0418306,0.0658121,-0.996955,-0.000473086,0,0,0,DISABLED,0
0.199999,-0.13248,-0.0501935,-0.138112,0.0359979,0.293801,0.0936627,0.0394781,0.0252287,-0.998902,0.00393124,0,0,0,DISABLED,0
0.219999,-0.144047,-0.0608431,-0.088763,0.0326172,0.286144,0.0576252,0.0360974,-0.0137172,-0.999254,0.0112795,0,0,0,DISABLED,0
0.239999,-0.159041,-0.0765705,-0.0420016,0.0325465,0.274365,0.0327909,0.0360267,-0.0650775,-0.99723,0.0117832,0,0,0,DISABLED,0
0.259999,-0.173656,-0.0929615,0.00729603,0.0395497,0.261452,0.0757363,0.0430299,-0.125393,-0.991174,-0.00402378,0,0,0,DISABLED,0
0.279999,-0.190503,-0.109916,0.0443003,0.0587032,0.246078,0.143001,0.0621834,-0.190166,-0.979781,-0.0299121,0,0,0,DISABLED,0
0.299999,-0.205193,-0.119842,0.0991618,0.0745164,0.238987,0.143162,0.0779966,-0.181975,-0.980205,-0.0304836,0,0,0,DISABLED,0
0.319999,-0.216583,-0.130666,-0.0682894,0.0681448,0.240611,0.129092,0.0716251,-0.169671,-0.982894,-0.00966012,0,0,0,DISABLED,0
0.339998,-0.227274,-0.144542,-0.0638557,0.0515102,0.243232,0.151794,0.0549904,-0.202372,-0.977764,-0.00509232,0,0,0,DISABLED,0
0.359998,-0.236622,-0.153759,-0.0144242,0.0440102,0.244457,0.160787,0.0474904,-0.214027,-0.975673,-0.00841467,0,0,0,DISABLED,0
0.379998,-0.248437,-0.162452,-0.0358289,0.0429729,0.244995,0.159884,0.0464531,-0.213404,-0.975859,-0.0169992,0,0,0,DISABLED,0
0.399998,-0.257864,-0.168491,-0.0185879,0.0444037,0.244466,0.149138,0.0478839,-0.202029,-0.978208,-0.0210808,0,0,0,DISABLED,0
0.419998,-0.267379,-0.174762,-0.0133069,0.0431611,0.242174,0.12336,0.0466414,-0.175728,-0.983333,-0.023929,0,0,0,DISABLED,0
0.439998,-0.276207,-0.181236,-0.0211596,0.0397867,0.238427,0.0873127,0.0432669,-0.138401,-0.989431,-0.0279659,0,0,0,DISABLED,0
0.459998,-0.285478,-0.187695,0.0185825,0.0397502,0.233497,0.048368,0.0432304,-0.0885861,-0.99513,-0.0278543,0,0,0,DISABLED,0
0.479998,-0.296896,-0.19423,0.108447,0.0518491,0.226809,0.0610534,0.0553293,-0.028981,-0.998047,-0.0228134,0,0,0,DISABLED,0
0.499998,-0.310457,-0.200764,0.161779,0.0776273,0.216495,0.131768,0.0811075,0.0451292,-0.995683,-0.018732,0,0,0,DISABLED,0
0.519998,-0.324556,-0.208736,0.00766572,0.10408,0.201646,0.206148,0.10756,0.115999,-0.987408,-0.0115418,0,0,0,DISABLED,0
0.539998,-0.336174,-0.226133,0.0265864,0.109519,0.192153,0.172884,0.112999,0.0721015,-0.990976,-0.00826596,0,0,0,DISABLED,0
0.559998,-0.344289,-0.24142,-0.0590473,0.102263,0.18915,0.128651,0.105743,0.0166177,-0.994255,0.00275751,0,0,0,DISABLED,0
0.579998,-0.351152,-0.251956,-0.0400802,0.0950225,0.186931,0.109473,0.0985027,-0.00703258,-0.995112,-0.00418921,0,0,0,DISABLED,0
0.599998,-0.359326,-0.263738,0.0203113,0.0885202,0.184229,0.0970046,0.0920004,-0.0217049,-0.995522,-0.0345763,0,0,0,DISABLED,0
0.619998,-0.369391,-0.279547,0.040694,0.0826545,0.180175,0.0858681,0.0861347,-0.0381701,-0.995552,-0.0708224,0,0,0,DISABLED,0
0.639998,-0.380795,-0.298108,0.0808846,0.0835979,0.173976,0.08511,0.0870781,-0.0762753,-0.993277,-0.114557,0,0,0,DISABLED,0
0.659998,-0.394134,-0.318399,0.0708739,0.0895723,0.165122,0.0924704,0.0930525,-0.0832498,-0.992175,-0.142001,0,0,0,DISABLED,0
0.679998,-0.40715,-0.339292,0.200443,0.0918484,0.155216,0.0931566,0.0953286,-0.0463098,-0.994368,-0.138441,0,0,0,DISABLED,0
0.699998,-0.418625,-0.360201,0.135341,0.0887374,0.146425,0.0937443,0.0922176,-0.0312172,-0.995249,-0.121254,0,0,0,DISABLED,0
0.719998,-0.432562,-0.387816,0.187517,0.0785818,0.137459,0.0796521,0.0820621,-0.0485993,-0.995442,-0.124569,0,0,0,DISABLED,0
0.739998,-0.443381,-0.407619,0.162781,0.0684745,0.130308,0.0689686,0.0719547,-0.0533564,-0.99598,-0.133519,0,0,0,DISABLED,0
0.759998,-0.45606,-0.426263,0.138264,0.0639946,0.123475,0.0641861,0.0674749,-0.0568211,-0.996102,-0.137124,0,0,0,DISABLED,0
0.779998,-0.470657,-0.444994,0.0612473,0.0620563,0.117261,0.063846,0.0655365,-0.0758282,-0.994965,-0.137279,0,0,0,DISABLED,0
0.799998,-0.483995,-0.46024,0.0334395,0.0571131,0.112572,0.0683727,0.0605933,-0.0984535,-0.993295,-0.1476,0,0,0,DISABLED,0
0.819998,-0.495794,-0.472192,0.0190938,0.049961,0.109486,0.0718426,0.0534412,-0.112466,-0.992217,-0.155848,0,0,0,DISABLED,0
0.839998,-0.508733,-0.483381,0.016169,0.035677,0.110183,0.0609429,0.0391572,-0.110343,-0.993122,-0.156142,0,0,0,DISABLED,0
0.859998,-0.518813,-0.492943,-0.0072782,0.0177762,0.111858,0.0633631,0.0212564,-0.121732,-0.992335,-0.155236,0,0,0,DISABLED,0
0.879998,-0.530618,-0.503829,-0.0079484,0.00421389,0.113646,0.0708821,0.00769412,-0.131609,-0.991272,-0.152063,0,0,0,DISABLED,0
0.899998,-0.542544,-0.514886,0.0189516,-0.00602054,0.115358,0.0808115,-0.00254031,-0.14135,-0.989956,-0.149391,0,0,0,DISABLED,0
0.919998,-0.554152,-0.525987,0.0317616,-0.0153364,0.117053,0.0855834,-0.0118562,-0.144916,-0.989373,-0.145014,0,0,0,DISABLED,0
0.939998,-0.566805,-0.538431,0.0532019,-0.0236679,0.118697,0.0870992,-0.0201877,-0.144527,-0.989295,-0.137212,0,0,0,DISABLED,0
0.959998,-0.577301,-0.549115,0.0646676,-0.0298627,0.119444,0.0862883,-0.0263824,-0.141673,-0.989562,-0.128682,0,0,0,DISABLED,0
0.979998,-0.589107,-0.561066,0.0660506,-0.0337185,0.119812,0.0833652,-0.0302383,-0.136993,-0.99011,-0.121266,0,0,0,DISABLED,0
0.999998,-0.601007,-0.573112,0.0566546,-0.0363222,0.119673,0.0779025,-0.032842,-0.129726,-0.991006,-0.115652,0,0,0,DISABLED,0
1.02,-0.613291,-0.585546,0.0458031,-0.038264,0.119002,0.0689349,-0.0347838,-0.118236,-0.992376,-0.107429,0,0,0,DISABLED,0
1.04,-0.627431,-0.599874,0.0463116,-0.0383298,0.117493,0.0580078,-0.0348496,-0.104526,-0.993911,-0.0985553,0,0,0,DISABLED,0
1.06,-0.63951,-0.612154,0.0817164,-0.0365512,0.115423,0.0451956,-0.0330709,-0.087658,-0.995602,-0.0882045,0,0,0,DISABLED,0
1.08,-0.653826,-0.626198,0.15549,-0.0299872,0.111675,0.0299996,-0.0265069,-0.0603886,-0.997823,-0.0727272,0,0,0,DISABLED,0
1.1,-0.670287,-0.641423,0.241061,-0.0160579,0.104685,0.0521789,-0.0125777,-0.0115894,-0.999854,-0.0525392,0,0,0,DISABLED,0
1.12,-0.684376,-0.652507,0.268111,0.00331485,0.0953033,0.12285,0.00679508,0.0615283,-0.998082,-0.0321419,0,0,0,DISABLED,0
1.14,-0.701561,-0.664761,0.0626114,0.0338416,0.0805508,0.217323,0.0373219,0.152779,-0.987555,-0.00404757,0,0,0,DISABLED,0
1.16,-0.716771,-0.682312,0.0932158,0.0504734,0.0693037,0.213882,0.0539536,0.145966,-0.987817,0.00548486,0,0,0,DISABLED,0
1.18,-0.72972,-0.701019,-0.0641584,0.0489345,0.0682824,0.170839,0.0524147,0.102196,-0.993382,0.0330301,0,0,0,DISABLED,0
1.2,-0.738889,-0.710041,-0.151381,0.0396686,0.0680923,0.16392,0.0431488,0.0976123,-0.994289,0.0476402,0,0,0,DISABLED,0
1.22,-0.749173,-0.719094,-0.162068,0.0269699,0.0667458,0.156089,0.0304501,0.0923544,-0.99526,0.036899,0,0,0,DISABLED,0
1.24,-0.76108,-0.731423,-0.0982177,0.0220395,0.0642211,0.141426,0.0255197,0.0783706,-0.996598,0.0423265,0,0,0,DISABLED,0
1.26,-0.775717,-0.749189,0.066557,0.029486,0.0586219,0.107432,0.0329662,0.0420527,-0.998571,0.0503981,0,0,0,DISABLED,0
1.28,-0.790387,-0.766597,0.115405,0.0518568,0.0512994,0.0791139,0.055337,-0.00147994,-0.998467,0.0403577,0,0,0,DISABLED,0
1.3,-0.808207,-0.787345,0.146148,0.0823854,0.0415422,0.0847967,0.0858657,-0.0414069,-0.995446,0.0250792,0,0,0,DISABLED,0
1.32,-0.825398,-0.811724,0.154564,0.103117,0.0334045,0.106503,0.106597,-0.0865308,-0.99053,0.0347783,0,0,0,DISABLED,0
1.34,-0.840891,-0.835898,0.174896,0.0930636,0.0245424,0.102707,0.0965439,-0.103759,-0.989906,0.0377942,0,0,0,DISABLED,0
1.36,-0.854032,-0.852087,0.0871898,0.0711966,0.0200252,0.0804148,0.0746768,-0.0980941,-0.992371,0.0372243,0,0,0,DISABLED,0
1.38,-0.865407,-0.861101,-0.0344336,0.0419588,0.0197907,0.0502117,0.045439,-0.0885978,-0.995031,0.0231306,0,0,0,DISABLED,0
1.4,-0.878826,-0.868608,-0.0894605,0.0209566,0.0203803,0.0585685,0.0244369,-0.11564,-0.99299,-0.0166548,0,0,0,DISABLED,0
1.42,-0.893104,-0.873182,-0.0874473,0.0188832,0.0205166,0.070537,0.0223635,-0.128816,-0.991416,-0.0665016,0,0,0,DISABLED,0
1.44,-0.907976,-0.877122,-0.0787515,0.0285095,0.0189911,0.0514505,0.0319897,-0.103832,-0.99408,-0.106125,0,0,0,DISABLED,0
1.46,-0.917942,-0.883162,-0.124428,0.0253055,0.0152836,0.0270311,0.0287857,-0.0706435,-0.997086,-0.119942,0,0,0,DISABLED,0
1.48,-0.929509,-0.895489,-0.181063,0.00866284,0.0065733,0.0181227,0.0121431,-0.0453001,-0.9989,-0.117091,0,0,0,DISABLED,0
1.5,-0.9422,-0.904701,-0.13559,7.67952e-05,-0.00145649,0.0488903,0.00355702,-0.0123472,-0.999917,-0.132602,0,0,0,DISABLED,0
1.52,-0.955156,-0.91165,-0.0525146,-0.00396584,-0.00704791,0.0876327,-0.000485615,0.026302,-0.999654,-0.143177,0,0,0,DISABLED,0
1.54,-0.972226,-0.920583,0.0230703,-0.0066285,-0.0140819,0.115513,-0.00314828,0.0540572,-0.998533,-0.151445,0,0,0,DISABLED,0
1.56,-0.988688,-0.92906,0.108993,-0.00601674,-0.0213158,0.14108,-0.00253651,0.0796292,-0.996821,-0.156903,0,0,0,DISABLED,0
1.58,-1.00369,-0.940812,0.147405,-0.00854168,-0.0238703,0.124789,-0.00506145,0.0632153,-0.997987,-0.158029,0,0,0,DISABLED,0
1.6,-1.01874,-0.953794,-0.0873566,-0.0137966,-0.0252607,0.123853,-0.0103163,0.0618031,-0.998035,-0.141217,0,0,0,DISABLED,0
1.62,-1.03357,-0.966278,-0.21379,-0.0150768,-0.0283365,0.110362,-0.0115965,0.0480697,-0.998777,-0.124655,0,0,0,DISABLED,0
1.64,-1.04843,-0.979492,-0.222366,-0.0193604,-0.0342733,0.0767287,-0.0158802,0.0130089,-0.999789,-0.120105,0,0,0,DISABLED,0
1.66,-1.06055,-0.991456,-0.180408,-0.0245008,-0.041846,0.0371147,-0.0210206,-0.0333437,-0.999223,-0.123607,0,0,0,DISABLED,0
1.68,-1.07757,-1.00942,-0.0498691,-0.0206014,-0.0560825,0.0379832,-0.0171212,-0.0930024,-0.995519,-0.136913,0,0,0,DISABLED,0
1.7,-1.09585,-1.02898,0.015519,-0.000352756,-0.0742247,0.10393,0.00312747,-0.164418,-0.986386,-0.16985,0,0,0,DISABLED,0
1.72,-1.114,-1.04812,0.111444,0.0212603,-0.0933813,0.148534,0.0247405,-0.206695,-0.978093,-0.187168,0,0,0,DISABLED,0
1.74,-1.12973,-1.05934,0.112702,0.0208343,-0.0978379,0.0825119,0.0243145,-0.140576,-0.989771,-0.161945,0,0,0,DISABLED,0
1.76,-1.14078,-1.07172,-0.127942,0.00395059,-0.0969161,0.0674265,0.00743082,-0.128193,-0.991721,-0.132435,0,0,0,DISABLED,0
1.78,-1.15345,-1.08543,-0.0887084,-0.0140674,-0.0962451,0.0860493,-0.0105871,-0.145603,-0.989286,-0.122609,0,0,0,DISABLED,0
1.8,-1.16633,-1.09583,-0.0950398,-0.0251714,-0.0953788,0.098894,-0.0216912,-0.156202,-0.987487,-0.125188,0,0,0,DISABLED,0
1.82,-1.17992,-1.1027,-0.0564262,-0.023977,-0.0936928,0.101424,-0.0204967,-0.15908,-0.987053,-0.13943,0,0,0,DISABLED,0
1.84,-1.19435,-1.10806,-0.0404423,-0.0164851,-0.0928489,0.0887473,-0.0130049,-0.147886,-0.988919,-0.156898,0,0,0,DISABLED,0
1.86,-1.20497,-1.11233,-0.0398281,-0.0136131,-0.0940865,0.0675141,-0.0101329,-0.127016,-0.991849,-0.16461,0,0,0,DISABLED,0
1.88,-1.21658,-1.11751,-0.0510103,-0.0118828,-0.0980448,0.0334319,-0.00840257,-0.0923515,-0.995691,-0.167498,0,0,0,DISABLED,0
1.9,-1.23044,-1.12334,0.00833184,-0.00486764,-0.105444,0.0212168,-0.00138742,-0.0405749,-0.999176,-0.16621,0,0,0,DISABLED,0
1.92,-1.2433,-1.12714,0.101414,0.0112811,-0.114158,0.0913652,0.0147613,0.0294248,-0.999458,-0.157906,0,0,0,DISABLED,0
1.94,-1.25976,-1.13192,0.0184582,0.0414671,-0.127929,0.17839,0.0449473,0.111976,-0.992694,-0.142189,0,0,0,DISABLED,0
1.96,-1.27556,-1.14318,1.00732e-05,0.0662447,-0.13655,0.176735,0.069725,0.102299,-0.992307,-0.155535,0,0,0,DISABLED,0
1.98,-1.2888,-1.15883,0.0423999,0.0690543,-0.136834,0.136875,0.0725346,0.0568317,-0.995745,-0.153925,0,0,0,DISABLED,0
2,-1.29755,-1.16965,-0.10163,0.0625775,-0.137719,0.12122,0.0660577,0.0425258,-0.996909,-0.147255,0,0,0,DISABLED,0
2.02,-1.30696,-1.18147,-0.0612618,0.0542808,-0.139968,0.0992412,0.057761,0.0218325,-0.998092,-0.149833,0,0,0,DISABLED,0
2.04,-1.31792,-1.19474,-0.0656466,0.0513044,-0.143655,0.0750741,0.0547847,-0.00641677,-0.998478,-0.154676,0,0,0,DISABLED,0
2.06,-1.33062,-1.21021,-0.0313182,0.0549636,-0.149312,0.0560087,0.0584438,-0.0505287,-0.997011,-0.174253,0,0,0,DISABLED,0
2.08,-1.34695,-1.22851,0.0289405,0.0737799,-0.157842,0.0956798,0.0772601,-0.121461,-0.989585,-0.218776,0,0,0,DISABLED,0
2.1,-1.36863,-1.25054,0.0667068,0.0985654,-0.170192,0.152446,0.102046,-0.175739,-0.979134,-0.249009,0,0,0,DISABLED,0
2.12,-1.38788,-1.27128,0.102366,0.114338,-0.182207,0.186415,0.117818,-0.205659,-0.971506,-0.257577,0,0,0,DISABLED,0
2.14,-1.40037,-1.28305,0.15034,0.115442,-0.184146,0.156448,0.118922,-0.164828,-0.979127,-0.259798,0,0,0,DISABLED,0
2.16,-1.41327,-1.296,0.0795515,0.106333,-0.183296,0.12804,0.109813,-0.131199,-0.985255,-0.250176,0,0,0,DISABLED,0
2.18,-1.42519,-1.30893,0.0806022,0.0859207,-0.183302,0.113166,0.089401,-0.133904,-0.986953,-0.245441,0,0,0,DISABLED,0
2.2,-1.43554,-1.31957,-0.0164581,0.0587637,-0.183896,0.109946,0.0622439,-0.153293,-0.986219,-0.268799,0,0,0,DISABLED,0
2.22,-1.44629,-1.32698,-0.0468537,0.0440826,-0.183886,0.119063,0.0475628,-0.170839,-0.98415,-0.304743,0,0,0,DISABLED,0
2.24,-1.45874,-1.33313,-0.0341892,0.0438816,-0.184323,0.124145,0.0473618,-0.176283,-0.9832,-0.339688,0,0,0,DISABLED,0
2.26,-1.46856,-1.33923,-0.0301332,0.0436307,-0.185831,0.115701,0.0471109,-0.167452,-0.984754,-0.360485,0,0,0,DISABLED,0
2.28,-1.47923,-1.34846,-0.051652,0.0352882,-0.189328,0.0938416,0.0387684,-0.147559,-0.988293,-0.374449,0,0,0,DISABLED,0
2.3,-1.49206,-1.36017,-0.0755566,0.0244521,-0.194898,0.0739879,0.0279323,-0.130652,-0.991035,-0.387368,0,0,0,DISABLED,0
2.32,-1.5037,-1.36947,-0.0610515,0.0179175,-0.199535,0.0604655,0.0213978,-0.118685,-0.992701,-0.40339,0,0,0,DISABLED,0
2.34,-1.51742,-1.37947,-0.0498424,0.0146889,-0.204123,0.0520554,0.0181692,-0.110934,-0.993662,-0.418633,0,0,0,DISABLED,0
2.36,-1.53298,-1.39089,-0.0192861,0.0112104,-0.208918,0.0477514,0.0146906,-0.107438,-0.994103,-0.437484,0,0,0,DISABLED,0
2.38,-1.54613,-1.4011,0.0247352,0.00504828,-0.213081,0.0415686,0.00852851,-0.102318,-0.994715,-0.44944,0,0,0,DISABLED,0
2.4,-1.56163,-1.41389,0.041512,-0.00519927,-0.218518,0.0363732,-0.00171904,-0.0970852,-0.995275,-0.456648,0,0,0,DISABLED,0
2.42,-1.57806,-1.42768,0.0435819,-0.0153022,-0.225898,0.0321872,-0.011822,-0.0894294,-0.995923,-0.456095,0,0,0,DISABLED,0
2.44,-1.59691,-1.44267,0.00945082,-0.0232722,-0.238202,0.0233693,-0.019792,-0.0632895,-0.997799,-0.421151,0,0,0,DISABLED,0
2.46,-1.61156,-1.45302,-0.190768,-0.0226726,-0.251417,0.0237814,-0.0191924,-0.0540277,-0.998355,-0.408294,0,0,0,DISABLED,0
2.48,-1.62639,-1.4645,-0.295523,-0.0280943,-0.266527,0.0356381,-0.0246141,-0.083043,-0.996242,-0.412194,0,0,0,DISABLED,0
2.5,-1.64378,-1.47765,-0.297077,-0.0362329,-0.283634,0.0839792,-0.0327527,-0.136507,-0.990098,-0.420402,0,0,0,DISABLED,0
2.52,-1.65978,-1.48863,-0.144176,-0.0341674,-0.299991,0.127174,-0.0306871,-0.182634,-0.982702,-0.436604,0,0,0,DISABLED,0
2.54,-1.67944,-1.50299,0.018701,-0.0244571,-0.322038,0.175967,-0.0209768,-0.233286,-0.972182,-0.460175,0,0,0,DISABLED,0
2.56,-1.69867,-1.51599,0.12045,-0.014726,-0.341278,0.191284,-0.0112457,-0.249285,-0.968365,-0.479316,0,0,0,DISABLED,0
2.58,-1.71182,-1.52544,0.0411646,-0.0391839,-0.346602,0.167561,-0.0357037,-0.222169,-0.974354,-0.458065,0,0,0,DISABLED,0
2.6,-1.72496,-1.53769,-0.0284187,-0.0614163,-0.348074,0.172573,-0.0579361,-0.220381,-0.973692,-0.444282,0,0,0,DISABLED,0
2.62,-1.74117,-1.5486,-0.0176887,-0.0690508,-0.347367,0.173562,-0.0655705,-0.218308,-0.973675,-0.438294,0,0,0,DISABLED,0
2.64,-1.75629,-1.55718,0.010379,-0.0686964,-0.345186,0.16656,-0.0652162,-0.210995,-0.975309,-0.432202,0,0,0,DISABLED,0
2.66,-1.7711,-1.56532,-0.00165248,-0.0673146,-0.342298,0.155074,-0.0638344,-0.199252,-0.977867,-0.426136,0,0,0,DISABLED,0
2.68,-1.78597,-1.57333,-0.001035,-0.0656742,-0.339622,0.143102,-0.062194,-0.186962,-0.980396,-0.421832,0,0,0,DISABLED,0
2.7,-1.79934,-1.58021,-0.00115451,-0.0636177,-0.337849,0.133109,-0.0601374,-0.176945,-0.982382,-0.421536,0,0,0,DISABLED,0
2.72,-1.8145,-1.58776,-0.000202835,-0.0614958,-0.336998,0.120886,-0.0580155,-0.164321,-0.984699,-0.421283,0,0,0,DISABLED,0
2.74,-1.83003,-1.59514,0.00520125,-0.0607397,-0.336906,0.1077,-0.0572594,-0.149391,-0.987119,-0.419395,0,0,0,DISABLED,0
2.76,-1.84593,-1.60244,0.0299767,-0.0618612,-0.337386,0.0982891,-0.058381,-0.136965,-0.988854,-0.415499,0,0,0,DISABLED,0
2.78,-1.86423,-1.6102,0.0459889,-0.0627345,-0.338561,0.0876225,-0.0592542,-0.12189,-0.990773,-0.408746,0,0,0,DISABLED,0
2.8,-1.87985,-1.61647,0.0663462,-0.062251,-0.340212,0.0765785,-0.0587708,-0.105434,-0.992688,-0.401463,0,0,0,DISABLED,0
2.82,-1.89978,-1.62409,0.107806,-0.0582846,-0.343774,0.060565,-0.0548043,-0.0774167,-0.995491,-0.388218,0,0,0,DISABLED,0
2.84,-1.91842,-1.63035,0.213666,-0.0492299,-0.349512,0.0569904,-0.0457497,-0.0325044,-0.998424,-0.368018,0,0,0,DISABLED,0
2.86,-1.93734,-1.63484,0.258859,-0.0312064,-0.359178,0.116686,-0.0277261,0.0511664,-0.998305,-0.339924,0,0,0,DISABLED,0
2.88,-1.95581,-1.6422,0.061413,-0.0134448,-0.365891,0.136311,-0.00996452,0.0743375,-0.997183,-0.337561,0,0,0,DISABLED,0
2.9,-1.97615,-1.65345,0.0232016,-0.0109544,-0.365116,0.117242,-0.00747415,0.0554613,-0.998433,-0.330993,0,0,0,DISABLED,0
2.92,-1.9918,-1.65979,-0.107358,-0.015494,-0.364069,0.132976,-0.0120138,0.0707702,-0.99742,-0.310264,0,0,0,DISABLED,0
2.94,-2.00507,-1.66477,-0.193989,-0.021617,-0.365899,0.129176,-0.0181368,0.0660626,-0.997651,-0.312422,0,0,0,DISABLED,0
2.96,-2.02231,-1.67141,-0.219451,-0.0246837,-0.371063,0.106885,-0.0212034,0.0427407,-0.998861,-0.309161,0,0,0,DISABLED,0
2.98,-2.03849,-1.67895,-0.132811,-0.0184118,-0.378618,0.069087,-0.0149316,0.00535102,-0.999874,-0.302357,0,0,0,DISABLED,0
3,-2.06224,-1.69088,0.0108029,0.00931768,-0.392869,0.0135273,0.0127979,-0.0709775,-0.997396,-0.327507,0,0,0,DISABLED,0
3.02,-2.08527,-1.70262,0.054068,0.0433707,-0.40705,0.0781693,0.0468509,-0.125813,-0.990947,-0.345655,0,0,0,DISABLED,0
3.04,-2.11317,-1.71942,0.0412158,0.0773137,-0.421905,0.148922,0.0807939,-0.186882,-0.979054,-0.338827,0,0,0,DISABLED,0
3.06,-2.13984,-1.73693,0.0591477,0.0910819,-0.434546,0.191258,0.0945622,-0.226569,-0.969394,-0.335418,0,0,0,DISABLED,0
3.08,-2.16644,-1.75471,0.0984081,0.0788855,-0.447604,0.20295,0.0823658,-0.24503,-0.96601,-0.344144,0,0,0,DISABLED,0
3.1,-2.18438,-1.76377,0.0360444,0.057103,-0.451949,0.173426,0.0605833,-0.222782,-0.972984,-0.350995,0,0,0,DISABLED,0
3.12,-2.20281,-1.77137,-0.113161,0.0358239,-0.451782,0.15918,0.0393041,-0.214527,-0.975927,-0.368061,0,0,0,DISABLED,0
3.14,-2.22157,-1.77719,-0.15564,0.0289122,-0.451172,0.178853,0.0323924,-0.235415,-0.971355,-0.411872,0,0,0,DISABLED,0
3.16,-2.24083,-1.77969,-0.146717,0.0384616,-0.452838,0.172207,0.0419419,-0.226946,-0.973004,-0.454119,0,0,0,DISABLED,0
3.18,-2.25488,-1.78209,-0.182161,0.0429248,-0.456274,0.141822,0.046405,-0.194984,-0.979708,-0.471743,0,0,0,DISABLED,0
3.2,-2.26942,-1.78754,-0.190134,0.0338818,-0.46336,0.101323,0.037362,-0.156,-0.98705,-0.485468,0,0,0,DISABLED,0
3.22,-2.28471,-1.79394,-0.170997,0.0217409,-0.473284,0.0561385,0.0252212,-0.112725,-0.993306,-0.498918,0,0,0,DISABLED,0
3.24,-2.30455,-1.8008,-0.113363,0.0172783,-0.484786,0.0172774,0.0207585,-0.0613029,-0.997903,-0.517234,0,0,0,DISABLED,0
3.26,-2.32322,-1.80802,0.023328,0.0159799,-0.495167,0.0469695,0.0194602,-0.0170632,-0.999665,-0.517838,0,0,0,DISABLED,0
3.28,-2.34614,-1.81693,0.0867299,0.0207762,-0.509369,0.111597,0.0242565,0.048386,-0.998534,-0.506,0,0,0,DISABLED,0
3.3,-2.37086,-1.82729,0.0465964,0.0364521,-0.523139,0.154559,0.0399323,0.0888133,-0.995248,-0.510982,0,0,0,DISABLED,0
3.32,-2.39589,-1.84246,0.0438424,0.0477349,-0.525334,0.113025,0.0512151,0.0411829,-0.997838,-0.514197,0,0,0,DISABLED,0
3.34,-2.41715,-1.85642,-0.069958,0.051287,-0.526821,0.104741,0.0547672,0.0300708,-0.998046,-0.515131,0,0,0,DISABLED,0
3.36,-2.43442,-1.8689,-0.157861,0.0513494,-0.529791,0.0961857,0.0548296,0.0200883,-0.998294,-0.527034,0,0,0,DISABLED,0
3.38,-2.45076,-1.88086,-0.165317,0.0544145,-0.534313,0.0789999,0.0578947,-0.0039565,-0.998315,-0.548313,0,0,0,DISABLED,0
3.4,-2.47505,-1.89903,0.0344073,0.0642457,-0.544383,0.0659543,0.0677259,-0.0464098,-0.996624,-0.570591,0,0,0,DISABLED,0
3.42,-2.49923,-1.91699,0.05281,0.081631,-0.557746,0.0853348,0.0851112,-0.0853788,-0.992707,-0.588871,0,0,0,DISABLED,0
3.44,-2.53202,-1.94001,0.0971522,0.107344,-0.577324,0.114533,0.110825,-0.0998503,-0.988811,-0.597364,0,0,0,DISABLED,0
3.46,-2.55965,-1.96082,0.0742443,0.12333,-0.594091,0.131889,0.12681,-0.106121,-0.986234,-0.58044,0,0,0,DISABLED,0
3.48,-2.59163,-1.98688,-0.00171703,0.132309,-0.611473,0.150653,0.13579,-0.131119,-0.982023,-0.55364,0,0,0,DISABLED,0
3.5,-2.62214,-2.012,0.122953,0.127758,-0.628176,0.157132,0.131238,-0.150553,-0.979852,-0.54898,0,0,0,DISABLED,0
3.52,-2.65287,-2.03502,0.123655,0.118271,-0.648768,0.148133,0.121751,-0.148579,-0.981377,-0.541152,0,0,0,DISABLED,0
3.54,-2.67661,-2.05124,0.198718,0.110728,-0.66734,0.14847,0.114209,-0.158362,-0.980754,-0.529192,0,0,0,DISABLED,0
3.56,-2.7048,-2.06881,0.224759,0.102174,-0.691789,0.166734,0.105654,-0.190829,-0.975921,-0.522742,0,0,0,DISABLED,0
3.58,-2.72762,-2.08194,0.199528,0.0988166,-0.712694,0.20522,0.102297,-0.237741,-0.965927,-0.52485,0,0,0,DISABLED,0
3.6,-2.75259,-2.09661,0.164372,0.0968359,-0.733813,0.251638,0.100316,-0.288164,-0.952312,-0.52133,0,0,0,DISABLED,0
3.62,-2.77387,-2.10898,0.210566,0.10616,-0.747514,0.296931,0.10964,-0.330577,-0.937389,-0.520689,0,0,0,DISABLED,0
3.64,-2.80093,-2.12679,0.21285,0.118967,-0.761351,0.348717,0.122448,-0.377125,-0.918032,-0.513262,0,0,0,DISABLED,0
3.66,-2.82549,-2.14566,0.192351,0.123914,-0.771633,0.382249,0.127395,-0.407832,-0.904126,-0.502992,0,0,0,DISABLED,0
3.68,-2.84738,-2.16469,0.195151,0.121391,-0.779199,0.399924,0.124871,-0.425502,-0.896301,-0.491173,0,0,0,DISABLED,0
3.7,-2.87405,-2.19028,0.194735,0.111887,-0.786199,0.409002,0.115367,-0.436959,-0.892052,-0.472551,0,0,0,DISABLED,0
3.72,-2.89864,-2.21562,0.223818,0.09878,-0.790599,0.413493,0.10226,-0.444695,-0.889825,-0.447668,0,0,0,DISABLED,0
3.74,-2.9217,-2.24056,0.260356,0.0883807,-0.793648,0.416729,0.0918609,-0.450141,-0.88822,-0.422622,0,0,0,DISABLED,0
3.76,-2.94811,-2.27048,0.385802,0.0793791,-0.796944,0.422668,0.0828593,-0.457423,-0.88538,-0.392553,0,0,0,DISABLED,0
3.78,-2.97844,-2.30682,0.471202,0.0711186,-0.801248,0.419561,0.0745988,-0.456175,-0.886758,-0.353045,0,0,0,DISABLED,0
3.8,-3.00737,-2.34481,0.558571,0.0595521,-0.807817,0.409213,0.0630324,-0.448758,-0.891428,-0.310949,0,0,0,DISABLED,0
3.82,-3.03558,-2.38414,0.357023,0.0280878,-0.818458,0.395187,0.031568,-0.439693,-0.897593,-0.224364,0,0,0,DISABLED,0
3.84,-3.06615,-2.42854,0.245956,-0.00937747,-0.835223,0.363152,-0.00589724,-0.411649,-0.911323,-0.128584,0,0,0,DISABLED,0
3.86,-3.09171,-2.46658,0.177514,-0.0509996,-0.855846,0.285402,-0.0475194,-0.335127,-0.940974,-0.0801949,0,0,0,DISABLED,0
3.88,-3.11351,-2.49842,-0.122089,-0.103196,-0.87985,0.226188,-0.0997159,-0.258446,-0.960866,-0.0422363,0,0,0,DISABLED,0
3.9,-3.13736,-2.5273,-0.442394,-0.178457,-0.906141,0.223167,-0.174977,-0.190492,-0.965969,0.0565518,0,0,0,DISABLED,0
3.92,-3.16379,-2.55165,-0.550593,-0.259237,-0.932558,0.287476,-0.255756,-0.173682,-0.951012,0.166744,0,0,0,DISABLED,0
3.94,-3.1897,-2.5723,-0.537656,-0.338104,-0.96081,0.374715,-0.334624,-0.197503,-0.921422,0.241944,0,0,0,DISABLED,0
3.96,-3.21591,-2.59603,-0.646803,-0.392545,-0.990394,0.465421,-0.389065,-0.27258,-0.87996,0.24751,0,0,0,DISABLED,0
3.98,-3.24685,-2.62165,0.339916,-0.434799,-1.01272,0.571323,-0.431318,-0.373201,-0.821393,0.204754,0,0,0,DISABLED,0
4,-3.27979,-2.64543,0.566409,-0.516448,-1.02249,0.684882,-0.512968,-0.41322,-0.752405,0.199439,0,0,0,DISABLED,0
4.02,-3.32287,-2.66813,0.717316,-0.589994,-1.02575,0.770549,-0.586514,-0.415115,-0.695472,0.223131,0,0,0,DISABLED,0
4.04,-3.36664,-2.68476,0.679338,-0.625471,-1.02607,0.799341,-0.621991,-0.394333,-0.676483,0.261094,0,0,0,DISABLED,0
4.06,-3.42521,-2.70547,0.492163,-0.647104,-1.02502,0.800403,-0.643624,-0.354615,-0.67823,0.319907,0,0,0,DISABLED,0
4.08,-3.47435,-2.72318,0.349415,-0.656938,-1.02376,0.791234,-0.653458,-0.317636,-0.687095,0.360895,0,0,0,DISABLED,0
4.1,-3.52888,-2.74385,0.216369,-0.656592,-1.0236,0.773677,-0.653112,-0.285253,-0.701481,0.377527,0,0,0,DISABLED,0
4.12,-3.58632,-2.77164,0.0971086,-0.647709,-1.02852,0.75099,-0.644228,-0.261952,-0.718576,0.38305,0,0,0,DISABLED,0
4.14,-3.6294,-2.80131,0.0548732,-0.621545,-1.0404,0.721231,-0.618065,-0.270974,-0.737949,0.364146,0,0,0,DISABLED,0
4.16,-3.67106,-2.84279,0.132271,-0.596361,-1.06174,0.690143,-0.59288,-0.271886,-0.758004,0.363887,0,0,0,DISABLED,0
4.18,-3.71026,-2.89186,0.00248903,-0.598192,-1.08801,0.678766,-0.594711,-0.240427,-0.767146,0.41415,0,0,0,DISABLED,0
4.2,-3.7404,-2.92843,-0.22163,-0.606737,-1.10878,0.671158,-0.603256,-0.187553,-0.775181,0.484732,0,0,0,DISABLED,0
4.22,-3.77549,-2.96263,-0.405109,-0.606543,-1.13311,0.653057,-0.603063,-0.0952116,-0.791991,0.591927,0,0,0,DISABLED,0
4.24,-3.81875,-2.99386,-0.57526,-0.596299,-1.15983,0.63884,-0.592819,-0.0214971,-0.805049,0.661369,0,0,0,DISABLED,0
4.25999,-3.86276,-3.01763,-0.279203,-0.613946,-1.17321,0.660204,-0.610465,-0.0570371,-0.789987,0.591504,0,0,0,DISABLED,0
4.27999,-3.9088,-3.04048,0.162598,-0.642861,-1.17355,0.699649,-0.639381,-0.0963178,-0.762834,0.530391,0,0,0,DISABLED,0
4.29999,-3.9517,-3.06067,0.192327,-0.668929,-1.16506,0.73245,-0.665449,-0.0751325,-0.742652,0.524313,0,0,0,DISABLED,0
4.31999,-4.00387,-3.08093,0.181948,-0.690564,-1.14802,0.76192,-0.687083,-0.0132713,-0.726457,0.549351,0,0,0,DISABLED,0
4.33999,-4.0728,-3.10331,-0.076042,-0.667684,-1.1342,0.748912,-0.664203,0.0925508,-0.741801,0.662271,0,0,0,DISABLED,0
4.35999,-4.13963,-3.12041,0.0840037,-0.584859,-1.13773,0.675579,-0.581379,0.175063,-0.794576,0.739266,0,0,0,DISABLED,0
4.37999,-4.21967,-3.14158,0.39374,-0.490989,-1.15188,0.559052,-0.487509,0.149509,-0.860222,0.677602,0,0,0,DISABLED,0
4.39999,-4.27752,-3.15732,0.105806,-0.464845,-1.16052,0.526262,-0.461365,0.138103,-0.876396,0.587438,0,0,0,DISABLED,0
4.41999,-4.32636,-3.17545,-0.473179,-0.490888,-1.16921,0.563356,-0.487408,0.159269,-0.858526,0.55015,0,0,0,DISABLED,0
4.43999,-4.375,-3.20085,-0.792772,-0.509651,-1.18387,0.593011,-0.506171,0.179323,-0.843584,0.535008,0,0,0,DISABLED,0
4.45999,-4.42766,-3.23065,-0.595933,-0.504523,-1.20508,0.596574,-0.501043,0.197177,-0.842661,0.544009,0,0,0,DISABLED,0
4.47999,-4.48253,-3.2589,-0.353275,-0.492946,-1.23071,0.595177,-0.489466,0.216905,-0.844615,0.551043,0,0,0,DISABLED,0
4.49999,-4.53683,-3.28393,-0.291837,-0.491148,-1.25918,0.604816,-0.487667,0.236581,-0.840363,0.545118,0,0,0,DISABLED,0
4.51999,-4.58482,-3.30714,-0.290815,-0.497444,-1.28533,0.615137,-0.493964,0.242946,-0.834852,0.540464,0,0,0,DISABLED,0
4.53999,-4.63764,-3.33311,-0.135211,-0.502919,-1.31657,0.617304,-0.499439,0.237146,-0.83326,0.553749,0,0,0,DISABLED,0
4.55999,-4.69713,-3.35945,-0.0275083,-0.496074,-1.35662,0.59723,-0.492594,0.214773,-0.843341,0.562924,0,0,0,DISABLED,0
4.57999,-4.74765,-3.37749,0.0277897,-0.482251,-1.39541,0.572069,-0.47877,0.195062,-0.855996,0.544636,0,0,0,DISABLED,0
4.59999,-4.8062,-3.39602,-0.0562862,-0.457369,-1.44361,0.552789,-0.453888,0.206131,-0.866888,0.513169,0,0,0,DISABLED,0
4.61999,-4.86957,-3.41121,-0.0873073,-0.433526,-1.48842,0.607918,-0.430046,0.321555,-0.843601,0.538701,0,0,0,DISABLED,0
4.63999,-4.93022,-3.43645,-0.32455,-0.434759,-1.52727,0.674854,-0.431279,0.400723,-0.808344,0.679784,0,0,0,DISABLED,0
4.65999,-4.97642,-3.46385,-0.550063,-0.43894,-1.55455,0.666855,-0.43546,0.387517,-0.81253,0.768243,0,0,0,DISABLED,0
4.67999,-5.02996,-3.49425,-0.5614,-0.425328,-1.5823,0.666893,-0.421848,0.400788,-0.813273,0.869023,0,0,0,DISABLED,0
4.69999,-5.09284,-3.52805,-0.651027,-0.371195,-1.61504,0.720563,-0.367715,0.498987,-0.784728,0.977385,0,0,0,DISABLED,0
4.71999,-5.14185,-3.55533,-0.521568,-0.306376,-1.64244,0.796703,-0.302896,0.602529,-0.738386,1.08092,0,0,0,DISABLED,0
4.73999,-5.19406,-3.58063,-0.477209,-0.257672,-1.67331,0.875857,-0.254192,0.683426,-0.684336,1.17817,0,0,0,DISABLED,0
4.75999,-5.24607,-3.60089,-0.466128,-0.222796,-1.70659,0.955781,-0.219316,0.749374,-0.624771,1.26767,0,0,0,DISABLED,0
4.77999,-5.30018,-3.61954,-0.433902,-0.180019,-1.74412,1.05031,-0.176539,0.817001,-0.548948,1.3446,0,0,0,DISABLED,0
4.79999,-5.36265,-3.63801,-0.422448,-0.100171,-1.78812,1.1843,-0.096691,0.896221,-0.432943,1.43467,0,0,0,DISABLED,0
4.81999,-5.36265,-3.63801,-0.422448,-0.100171,-1.78812,1.1843,-0.096691,0.896221,-0.432943,1.43467,0,0,0,DISABLED,0
