t,drift_x,drift_y,lean,dpitch,base_z,tilt_rad,gx,gy,gz,yaw_delta,cmd_vx,cmd_vy,cmd_yaw,meta_selected,meta_safety_hold,prob_slope_up,prob_slope_down,prob_flat,prob_NEUTRAL,weight_slope_up,weight_slope_down,weight_flat
0.0199988,0,0,0,0,0.179705,0,-0.115359,-0.406438,-0.906367,0,0,-0.3,0,NEUTRAL,0,0.00182664,3.93406e-06,2.27778e-05,0.998147,0,0,1
0.0399988,-0.0175916,-0.0294077,0,-0.00234753,0.189053,0.0147701,-0.117706,-0.419587,-0.900051,0.023121,0,-0.3,0,NEUTRAL,0,0.00149032,4.51113e-06,0.00196923,0.996536,0,0,1
0.0599988,-0.0331787,-0.0545104,0,0.0151701,0.196839,0.0183189,-0.100189,-0.416345,-0.90367,0.040634,0,-0.3,0,NEUTRAL,0,0.000419081,4.71157e-05,0.0165988,0.982935,0,0,1
0.0799987,-0.0492495,-0.0835052,0,0.0309515,0.205041,0.0324822,-0.0844074,-0.399145,-0.912995,0.0497508,0,-0.3,0,NEUTRAL,0,0.000278519,0.000103153,0.0173083,0.98231,0,0,1
0.0999987,-0.0645275,-0.117657,0,0.0186102,0.212052,0.0374155,-0.0967487,-0.377449,-0.920963,0.0668489,0,-0.3,0,NEUTRAL,0,4.32922e-05,2.95631e-06,0.00286022,0.997094,0,0,1
0.119999,-0.0784189,-0.149782,0,-0.00375127,0.217503,0.0597171,-0.11911,-0.35119,-0.928697,0.0874217,0,-0.3,0,NEUTRAL,0,3.74468e-06,2.29532e-07,0.0183903,0.981606,0,0,1
0.139999,-0.0924714,-0.179784,0,-0.0124074,0.221149,0.0804756,-0.127766,-0.33211,-0.934547,0.102798,0,-0.3,0,NEUTRAL,0,9.65197e-06,3.02542e-07,0.04346,0.95653,0,0,1
0.159999,-0.112345,-0.21688,0,-0.00697322,0.223549,0.103496,-0.122332,-0.309893,-0.942868,0.118927,0,-0.3,0,NEUTRAL,0,1.07544e-05,1.20863e-06,0.110985,0.889003,0,0,1
0.179999,-0.129794,-0.247446,0,0.0117611,0.223124,0.134583,-0.103598,-0.281237,-0.95403,0.142785,0,-0.3,0,NEUTRAL,0,2.1602e-05,7.67619e-06,0.0696835,0.930287,0,0,1
0.199999,-0.148006,-0.280324,0,0.0250852,0.220004,0.168368,-0.0902738,-0.250427,-0.963918,0.169826,0,-0.3,0,NEUTRAL,0,3.79686e-05,1.26791e-05,0.00578991,0.994159,0,0,1
0.219999,-0.167374,-0.315891,0,0.0308741,0.211409,0.214408,-0.0844848,-0.20607,-0.974883,0.184647,0,-0.3,0,NEUTRAL,0,1.69949e-05,2.51075e-06,0.00660205,0.993378,0,0,1
0.239999,-0.179394,-0.337557,0,0.0293028,0.202038,0.267255,-0.0860561,-0.153356,-0.984417,0.195968,0,-0.3,0,NEUTRAL,0,1.99559e-06,3.22489e-07,0.00893203,0.991066,0,0,1
0.259999,-0.194343,-0.366332,0,0.0265283,0.187055,0.359398,-0.0888306,-0.0609424,-0.994181,0.284985,0,-0.3,0,NEUTRAL,0,2.78981e-06,2.37955e-07,0.00234203,0.997655,0,0,1
0.279999,-0.212146,-0.397616,0,0.0472002,0.169792,0.456077,-0.0681588,0.0339776,-0.997096,0.448394,0,-0.3,0,NEUTRAL,0,2.64017e-06,3.31345e-05,0.00158586,0.998378,0,0,1
0.299999,-0.230878,-0.422145,0,0.0586102,0.148734,0.474996,-0.0567487,0.0515477,-0.997057,0.455438,0,-0.3,0,NEUTRAL,0,1.02371e-05,0.00361646,0.00126113,0.995112,0,0,1
0.319999,-0.252024,-0.442417,0,0.0617921,0.125996,0.460234,-0.0535668,0.0361732,-0.997909,0.38394,0,-0.3,0,NEUTRAL,0,0.000495298,0.0952635,0.00136235,0.902879,0,0,1
0.339998,-0.275198,-0.474537,0,0.0697457,0.11338,0.433135,-0.0456132,0.00739594,-0.998932,0.379659,0,-0.3,0,NEUTRAL,0,0.000695136,0.00981883,6.51192e-05,0.989421,0,0,1
0.359998,-0.293497,-0.504267,0,0.0462581,0.102823,0.440836,-0.0691009,0.0187404,-0.997434,0.418005,0,-0.3,0,NEUTRAL,0,4.45515e-05,0.00390238,1.57635e-06,0.996052,0,0,1
0.379998,-0.310067,-0.530743,0,-0.00549126,0.0891886,0.491324,-0.12085,0.072682,-0.990006,0.494995,0,-0.3,0,NEUTRAL,0,0.00128512,0.0130913,2.80068e-08,0.985624,0,0,1
0.399998,-0.325259,-0.55163,0,-0.0430161,0.0758077,0.493506,-0.158375,0.0738456,-0.984614,0.538382,0,-0.3,0,NEUTRAL,0,0.000333635,0.000729634,2.46998e-08,0.998937,0,0,1
0.419998,-0.347079,-0.576913,0,-0.0697705,0.0577483,0.476847,-0.185129,0.0546918,-0.981191,0.567617,0,-0.3,0,NEUTRAL,0,0.0181811,0.00153228,3.90531e-07,0.980286,0,0,1
0.439998,-0.366727,-0.597669,0,-0.0781611,0.0423421,0.455275,-0.19352,0.0318573,-0.980579,0.574893,0,-0.3,0,NEUTRAL,0,0.224484,0.00420679,5.99722e-06,0.771303,0,0,1
0.459998,-0.388716,-0.620661,0,-0.0805483,0.0248974,0.413289,-0.195907,-0.0109672,-0.980561,0.563697,0,-0.3,0,NEUTRAL,0,0.573689,0.00647989,5.03261e-06,0.419826,0,0,1
0.479998,-0.409572,-0.644412,0,-0.0790838,0.00639238,0.371171,-0.194443,-0.0534555,-0.979456,0.541695,0,-0.3,0,NEUTRAL,0,0.0580085,0.024895,5.15274e-06,0.917091,0,0,1
0.499998,-0.428826,-0.671987,0,-0.0728804,-0.0150236,0.329369,-0.188239,-0.0947814,-0.977539,0.521275,0,-0.3,0,NEUTRAL,0,0.000144693,0.0365915,1.33886e-05,0.96325,0,0,1
0.519998,-0.444875,-0.698997,0,-0.0746333,-0.0355346,0.300483,-0.189992,-0.124503,-0.973859,0.52741,0,-0.3,0,NEUTRAL,0,3.03015e-05,0.100465,2.80186e-05,0.899477,0,0,1
0.539998,-0.467471,-0.730314,0,-0.0807984,-0.0582498,0.277213,-0.196157,-0.149736,-0.969072,0.51973,0,-0.3,0,NEUTRAL,0,9.23414e-06,0.206498,3.25116e-05,0.79346,0,0,1
0.559998,-0.486524,-0.748003,0,-0.0839981,-0.0690393,0.262619,-0.199357,-0.165644,-0.965826,0.498049,0,-0.3,0,NEUTRAL,0,1.77858e-05,0.749172,6.54011e-06,0.250803,0,0,1
0.579998,-0.51012,-0.765418,0,-0.101911,-0.0735475,0.270972,-0.21727,-0.162626,-0.962469,0.538324,0,-0.3,0,NEUTRAL,0,6.41856e-05,0.743387,3.35513e-05,0.256515,0,0,1
0.599998,-0.534151,-0.78243,0,-0.108996,-0.074958,0.270358,-0.224355,-0.165893,-0.960284,0.568363,0,-0.3,0,NEUTRAL,0,0.0056588,0.899854,1.82517e-05,0.094469,0,0,1
0.619998,-0.560721,-0.800008,0,-0.110534,-0.0736569,0.289808,-0.225893,-0.145754,-0.963186,0.598631,0,-0.3,0,NEUTRAL,0,0.374679,0.365361,5.6085e-05,0.259904,0,0,1
0.639998,-0.585236,-0.817013,0,-0.109666,-0.0713814,0.312599,-0.225025,-0.121393,-0.966761,0.628457,0,-0.3,0,NEUTRAL,0,0.568918,0.0557932,0.000125626,0.375163,0,0,1
0.659998,-0.607539,-0.833457,0,-0.107704,-0.0685568,0.326228,-0.223063,-0.106496,-0.968969,0.652928,0,-0.3,0,NEUTRAL,0,0.234751,0.175695,0.000612073,0.588941,0,0,1
0.679998,-0.634957,-0.853613,0,-0.103457,-0.0638671,0.345368,-0.218816,-0.0853709,-0.972024,0.682039,0,-0.3,0,NEUTRAL,0,0.278603,0.233504,0.00132081,0.486572,0,0,1
0.699998,-0.657823,-0.869906,0,-0.0945014,-0.0592881,0.361954,-0.20986,-0.0660308,-0.975499,0.703892,0,-0.3,0,NEUTRAL,0,0.17378,0.223281,0.0027429,0.600196,0,0,1
0.719998,-0.683673,-0.887784,0,-0.0786662,-0.0538012,0.378394,-0.194025,-0.0460439,-0.979915,0.725518,0,-0.3,0,NEUTRAL,0,0.0119311,0.180276,0.00889566,0.798897,0,0,1
0.739998,-0.70971,-0.905352,0,-0.0596532,-0.0484787,0.394568,-0.175012,-0.0268884,-0.984199,0.744435,0,-0.3,0,NEUTRAL,0,0.00107681,0.214694,0.0232019,0.761027,0,0,1
0.759998,-0.735084,-0.922251,0,-0.0454333,-0.0443029,0.408167,-0.160792,-0.0117898,-0.986918,0.763963,0,-0.3,0,NEUTRAL,0,0.000319294,0.210484,0.0139412,0.775255,0,0,1
0.779998,-0.76019,-0.939046,0,-0.0329759,-0.0426031,0.422188,-0.148335,0.00308169,-0.988932,0.794788,0,-0.3,0,NEUTRAL,0,0.000320189,0.258764,0.0102008,0.730715,0,0,1
0.799998,-0.787481,-0.956615,0,-0.0185275,-0.0447465,0.436875,-0.133886,0.0182575,-0.990829,0.847132,0,-0.3,0,NEUTRAL,0,0.0004783,0.34682,0.02826,0.624441,0,0,1
0.819998,-0.813032,-0.969592,0,-0.00607915,-0.0505483,0.452392,-0.121438,0.0338099,-0.992023,0.88971,0,-0.3,0,NEUTRAL,0,0.000286305,0.294141,0.0924635,0.613109,0,0,1
0.839998,-0.837493,-0.979127,0,0.00742735,-0.0590125,0.470383,-0.107932,0.0514706,-0.992825,0.924597,0,-0.3,0,NEUTRAL,0,0.000140818,0.366813,0.117441,0.515605,0,0,1
0.859998,-0.866322,-0.988552,0,0.0291913,-0.0719243,0.494127,-0.0861676,0.0739618,-0.993531,0.964953,0,-0.3,0,NEUTRAL,0,7.83145e-05,0.44509,0.112403,0.442428,0,0,1
0.879998,-0.900507,-0.997877,0,0.0626165,-0.0903498,0.529735,-0.0527424,0.106104,-0.992955,1.00498,0,-0.3,0,NEUTRAL,0,4.20996e-05,0.570771,0.0830811,0.346105,0,0,1
0.899998,-0.931327,-1.00471,0,0.096576,-0.108709,0.570714,-0.018783,0.141921,-0.9897,1.02428,0,-0.3,0,NEUTRAL,0,7.7775e-06,0.451625,0.00464863,0.543718,0,0,1
0.919998,-0.967546,-1.01156,0,0.139394,-0.132961,0.628924,0.0240352,0.191601,-0.981179,1.04938,0,-0.3,0,NEUTRAL,0,2.45587e-06,0.184921,0.00065525,0.814421,0,0,1
0.939998,-1.00916,-1.0183,0,0.187397,-0.16448,0.700794,0.072038,0.251407,-0.965197,1.08339,0,-0.3,0,NEUTRAL,0,4.10869e-06,0.0802867,0.000348912,0.91936,0,0,1
0.959998,-1.04549,-1.02284,0,0.220348,-0.193414,0.764066,0.10499,0.304735,-0.946633,1.09337,0,-0.3,0,NEUTRAL,0,3.91258e-06,0.0289135,0.000319914,0.970763,0,0,1
0.979998,-1.09352,-1.02635,0,0.249787,-0.227511,0.868976,0.134428,0.397544,-0.907683,1.11319,0,-0.3,0,NEUTRAL,0,5.79575e-07,0.00319694,0.000153224,0.996649,0,0,1
0.999998,-1.13023,-1.03265,0,0.26459,-0.252397,0.898969,0.149231,0.421221,-0.894597,1.17387,0,-0.3,0,NEUTRAL,0,5.59151e-07,0.00269882,5.47475e-05,0.997246,0,0,1
1.02,-1.16535,-1.03789,0,0.26672,-0.274203,0.917792,0.151361,0.438131,-0.886076,1.21959,0,-0.3,0,NEUTRAL,0,5.7509e-07,0.000624608,7.78572e-06,0.999367,0,0,1
1.04,-1.19611,-1.04163,0,0.259899,-0.292929,0.935882,0.14454,0.456934,-0.877678,1.23147,0,-0.3,0,NEUTRAL,0,3.91088e-07,0.000800698,1.4326e-06,0.999198,0,0,1
1.06,-1.22954,-1.04621,0,0.252145,-0.312991,0.945365,0.136786,0.467876,-0.873145,1.22482,0,-0.3,0,NEUTRAL,0,1.53062e-06,0.000358636,2.37508e-06,0.999637,0,0,1
1.08,-1.26695,-1.05095,0,0.249971,-0.334077,0.945598,0.134612,0.468712,-0.873034,1.22559,0,-0.3,0,NEUTRAL,0,4.80811e-06,0.000273513,4.95929e-06,0.999717,0,0,1
1.1,-1.29907,-1.05303,0,0.247461,-0.351011,0.93521,0.132102,0.45997,-0.878053,1.22284,0,-0.3,0,NEUTRAL,0,1.46756e-05,0.000145408,3.44615e-06,0.999836,0,0,1
1.12,-1.33836,-1.05242,0,0.241452,-0.370131,0.925111,0.126094,0.45243,-0.882841,1.21035,0,-0.3,0,NEUTRAL,0,1.68584e-05,7.53248e-05,2.93368e-06,0.999905,0,0,1
1.14,-1.38464,-1.04947,0,0.238454,-0.393176,0.932634,0.123095,0.460144,-0.87927,1.20782,0,-0.3,0,NEUTRAL,0,3.46027e-05,6.28277e-05,1.02208e-06,0.999902,0,0,1
1.16,-1.42937,-1.0464,0,0.247109,-0.414942,0.931875,0.13175,0.457022,-0.879644,1.23092,0,-0.3,0,NEUTRAL,0,2.6323e-05,0.000212655,8.86131e-07,0.99976,0,0,1
1.18,-1.47455,-1.04251,0,0.251454,-0.435781,0.935737,0.136095,0.4593,-0.877793,1.24016,0,-0.3,0,NEUTRAL,0,1.28706e-05,0.000289792,1.19489e-07,0.999697,0,0,1
1.2,-1.53418,-1.03489,0,0.236644,-0.458355,0.987662,0.121286,0.509923,-0.851627,1.21749,0,-0.3,0,NEUTRAL,0,6.58626e-07,0.000176257,5.46847e-08,0.999823,0,0,1
1.22,-1.58859,-1.02702,0,0.212208,-0.480003,1.0313,0.0968488,0.553404,-0.827263,1.26907,0,-0.3,0,NEUTRAL,0,2.04398e-07,1.18335e-05,1.44565e-08,0.999988,0,0,1
1.24,-1.63128,-1.02097,0,0.173646,-0.501276,1.03286,0.0582871,0.562313,-0.824868,1.37454,0,-0.3,0,NEUTRAL,0,1.50474e-06,2.34361e-05,8.41932e-08,0.999975,0,0,1
1.26,-1.67291,-1.01607,0,0.133319,-0.525426,1.0273,0.0179601,0.563847,-0.825684,1.45939,0,-0.3,0,NEUTRAL,0,2.2426e-06,4.61239e-06,5.80842e-09,0.999993,0,0,1
1.28,-1.70509,-1.0149,0,0.124562,-0.545419,1.0179,0.00920334,0.557096,-0.830397,1.5455,0,-0.3,0,NEUTRAL,0,2.37383e-06,1.72978e-05,1.68874e-08,0.99998,0,0,1
1.3,-1.73612,-1.01435,0,0.129774,-0.569002,0.99499,0.0144146,0.537053,-0.843426,1.60682,0,-0.3,0,NEUTRAL,0,6.07272e-06,5.30114e-05,2.29691e-08,0.999941,0,0,1
1.32,-1.76154,-1.01027,0,0.104699,-0.59932,0.981798,-0.0106601,0.528791,-0.848685,1.64614,0,-0.3,0,NEUTRAL,0,1.09955e-05,0.000130134,2.68087e-08,0.999859,0,0,1
1.34,-1.78307,-0.999312,0,-0.0108364,-0.642647,0.955959,-0.126195,0.511731,-0.849827,1.67412,0,-0.3,0,NEUTRAL,0,4.81937e-05,4.56242e-05,1.58261e-08,0.999906,0,0,1
1.36,-1.8087,-0.97991,0,-0.114131,-0.697589,0.920306,-0.22949,0.472618,-0.850862,1.74474,0,-0.3,0,NEUTRAL,0,0.0531158,0.00414381,6.55797e-07,0.94274,0,0,1
1.38,-1.83903,-0.962,0,-0.102716,-0.735462,0.977548,-0.218075,0.523351,-0.82374,1.88243,0,-0.3,0,NEUTRAL,0,0.0205532,0.0018371,9.74738e-07,0.977609,0,0,1
1.4,-1.88773,-0.945713,0,-0.0127664,-0.771667,1.05373,-0.128125,0.592944,-0.794985,2.00918,0,-0.3,0,NEUTRAL,0,0.000909167,0.00177422,3.7999e-06,0.997313,0,0,1
1.42,-1.94772,-0.942476,0,0.0243839,-0.810576,1.07374,-0.0909751,0.609267,-0.787729,2.05143,0,-0.3,0,NEUTRAL,0,0.0339381,0.093103,1.57653e-05,0.872943,0,0,1
1.44,-2.01421,-0.943632,0,-0.0995938,-0.843995,1.09776,-0.214953,0.620991,-0.753767,2.01736,0,-0.3,0,NEUTRAL,0,0.0327992,0.00604084,0.00127504,0.959885,0,0,1
1.46,-2.07791,-0.945396,0,-0.219376,-0.869913,1.18336,-0.334735,0.661655,-0.670944,1.97813,0,-0.3,0,NEUTRAL,0,0.00702741,0.00246804,0.000104074,0.9904,0,0,1
1.48,-2.12854,-0.953297,0,-0.242011,-0.888514,1.18732,-0.35737,0.658306,-0.66251,1.91922,0,-0.3,0,NEUTRAL,0,0.000211236,0.00114223,3.64519e-07,0.998646,0,0,1
1.5,-2.18267,-0.960344,0,-0.263545,-0.90156,1.12368,-0.378904,0.605141,-0.700168,1.87616,0,-0.3,0,NEUTRAL,0,0.00244386,0.000696181,1.29312e-07,0.99686,0,0,1
1.52,-2.24363,-0.965357,0,-0.246502,-0.914238,1.0782,-0.361861,0.575177,-0.73364,1.86833,0,-0.3,0,NEUTRAL,0,0.0189273,0.00126613,7.99332e-08,0.979806,0,0,1
1.54,-2.30265,-0.963865,0,-0.211842,-0.926877,1.08519,-0.327201,0.590194,-0.737978,1.90416,0,-0.3,0,NEUTRAL,0,0.0128341,0.00017043,1.22117e-06,0.986994,0,0,1
1.56,-2.36596,-0.960699,0,-0.19426,-0.942923,1.12505,-0.309618,0.625049,-0.716554,1.94317,0,-0.3,0,NEUTRAL,0,0.00199162,3.8747e-05,3.41676e-06,0.997966,0,0,1
1.58,-2.43303,-0.961219,0,-0.179758,-0.960901,1.16565,-0.295117,0.658292,-0.692501,1.95871,0,-0.3,0,NEUTRAL,0,0.00654351,7.46756e-05,6.20629e-06,0.993376,0,0,1
1.6,-2.49639,-0.964402,0,-0.144603,-0.976991,1.19539,-0.259962,0.686356,-0.679216,1.96971,0,-0.3,0,NEUTRAL,0,0.00168003,0.000210961,7.33171e-07,0.998108,0,0,1
1.62,-2.57099,-0.969207,0,-0.114832,-0.996404,1.22205,-0.230191,0.709612,-0.66593,1.97065,0,-0.3,0,NEUTRAL,0,0.000724809,4.80033e-05,5.46445e-07,0.999227,0,0,1
1.64,-2.65648,-0.975098,0,-0.0899709,-1.02202,1.26595,-0.20533,0.742269,-0.637869,1.95822,0,-0.3,0,NEUTRAL,0,0.000650883,1.11037e-05,3.52186e-07,0.999338,0,0,1
1.66,-2.73114,-0.981314,0,-0.0479481,-1.04775,1.30961,-0.163307,0.774328,-0.611349,1.96172,0,-0.3,0,NEUTRAL,0,0.000715098,2.05306e-05,3.18588e-07,0.999264,0,0,1
1.68,-2.79396,-0.987527,0,0.00392577,-1.07106,1.32665,-0.111433,0.787786,-0.605786,1.99,0,-0.3,0,NEUTRAL,0,0.000216539,1.96604e-05,2.34611e-07,0.999764,0,0,1
1.7,-2.86208,-0.994829,0,0.0488165,-1.09983,1.34447,-0.0665424,0.799129,-0.597465,2.01103,0,-0.3,0,NEUTRAL,0,7.47793e-05,1.50221e-05,1.53422e-06,0.999909,0,0,1
1.72,-2.92829,-1.00172,0,0.0813748,-1.13057,1.35439,-0.0339842,0.804305,-0.593244,2.02224,0,-0.3,0,NEUTRAL,0,6.16051e-05,0.000263854,8.46655e-06,0.999666,0,0,1
1.74,-2.99431,-1.00784,0,0.105508,-1.1644,1.3618,-0.0098505,0.807515,-0.589765,2.03309,0,-0.3,0,NEUTRAL,0,5.47669e-05,0.000917351,5.29684e-06,0.999023,0,0,1
1.76,-3.05991,-1.01438,0,0.135267,-1.20147,1.38018,0.0199079,0.816122,-0.577537,2.05787,0,-0.3,0,NEUTRAL,0,6.63047e-05,0.00106388,3.11572e-06,0.998867,0,0,1
1.78,-3.12339,-1.02089,0,0.166164,-1.24048,1.39073,0.0508046,0.819114,-0.571377,2.08684,0,-0.3,0,NEUTRAL,0,3.34734e-05,0.000874415,4.22059e-06,0.999088,0,0,1
1.8,-3.1863,-1.02777,0,0.197799,-1.28232,1.40434,0.0824401,0.82283,-0.562276,2.11089,0,-0.3,0,NEUTRAL,0,4.568e-05,0.0011125,2.87663e-06,0.998839,0,0,1
1.82,-3.24791,-1.03492,0,0.240937,-1.32621,1.42217,0.125578,0.825868,-0.549703,2.14071,0,-0.3,0,NEUTRAL,0,5.33685e-05,0.00191499,1.73051e-06,0.99803,0,0,1
1.84,-3.31428,-1.04287,0,0.295692,-1.37671,1.44187,0.180333,0.825422,-0.534939,2.17164,0,-0.3,0,NEUTRAL,0,5.63009e-05,0.00261467,1.13368e-06,0.997328,0,0,1
1.86,-3.36768,-1.04891,0,0.364975,-1.41974,1.4635,0.249616,0.818739,-0.517067,2.1996,0,-0.3,0,NEUTRAL,0,6.53441e-05,0.00238817,1.95251e-06,0.997545,0,0,1
1.88,-3.43254,-1.05534,0,0.429052,-1.47474,1.48308,0.313693,0.807913,-0.498871,2.21962,0,-0.3,0,NEUTRAL,0,0.000101959,0.00242607,4.34008e-06,0.997468,0,0,1
1.9,-3.43254,-1.05534,0,0.429052,-1.47474,1.48308,0.313693,0.807913,-0.498871,2.21962,0,-0.3,0,NEUTRAL,0,0.000101959,0.00242607,4.34008e-06,0.997468,0,0,1
